﻿Designator,Footprint,Quantity,Value,LCSC Part #
BT1,BatteryHolder_Keystone_2468_2xAAA,1,Battery_Cell,
BZ1,Buzzer_CUI_CPT-9019S-SMT,1,Buzzer,
C1,1206,1,10uF,
C2,0603,1,0.1uF,
C3,0603,1,10nF,
C4,0603,1,0.47 uF,
IC2,QFP50P900X900X160-48N,1,MSPM0G3507SPTR,
J1,PinHeader_1x09_P2.54mm_Horizontal,1,Conn_01x09,
J2,PinHeader_1x05_P2.54mm_Horizontal,1,Conn_01x05,
"LED1, LED2, LED3, LED4",BL-HBGR32L-3-TRB-8_AMB,4,BL-HBGR32L-3-TRB-8,
R5,0603,1,47k,
R6,0603,1,100k,
"SW1, SW2, SW3, SW4",SW_SPST_PTS645,4,SW_DPST,
SW6,SW_DPDT_CK_JS202011JCQN,1,SW_SPDT,
U1,LGA-12_2x2mm_P0.5mm,1,LIS2HH12,
